{
    "providers": [
        {
            "type": "bitmap", "file": "minecraft:font\/icons.png",
            "ascent": 8,
            "height": 16,
            "chars": [
                "\ue000\ue001\ue002\ue003\ue004\ue005\ue006\ue007\ue008\ue009\ue00a\ue00b\ue00c\ue00d\ue00e\ue00f",
                "\ue010\ue011\ue012\ue013\ue014\ue015\ue016\ue017\ue018\ue019\ue01a\ue01b\ue01c\ue01d\ue01e\ue01f",
                "\ue020\ue021\ue022\ue023\ue024\ue025\ue026\ue027\ue028\ue029\ue02a\ue02b\ue02c\ue02d\ue02e\ue02f",
                "\ue030\ue031\ue032\ue033\ue034\ue035\ue036\ue037\ue038\ue039\ue03a\ue03b\ue03c\ue03d\ue03e\ue03f",
                "\ue040\ue041\ue042\ue043\ue044\ue045\ue046\ue047\ue048\ue049\ue04a\ue04b\ue04c\ue04d\ue04e\ue04f",
                "\ue050\ue051\ue052\ue053\ue054\ue055\ue056\ue057\ue058\ue059\ue05a\ue05b\ue05c\ue05d\ue05e\ue05f",
                "\ue060\ue061\ue062\ue063\ue064\ue065\ue066\ue067\ue068\ue069\ue06a\ue06b\ue06c\ue06d\ue06e\ue06f",
                "\ue070\ue071\ue072\ue073\ue074\ue075\ue076\ue077\ue078\ue079\ue07a\ue07b\ue07c\ue07d\ue07e\ue07f",
                "\ue080\ue081\ue082\ue083\ue084\ue085\ue086\ue087\ue088\ue089\ue08a\ue08b\ue08c\ue08d\ue08e\ue08f",
                "\ue090\ue091\ue092\ue093\ue094\ue095\ue096\ue097\ue098\ue099\ue09a\ue09b\ue09c\ue09d\ue09e\ue09f",
                "\ue0a0\ue0a1\ue0a2\ue0a3\ue0a4\ue0a5\ue0a6\ue0a7\ue0a8\ue0a9\ue0aa\ue0ab\ue0ac\ue0ad\ue0ae\ue0af",
                "\ue0b0\ue0b1\ue0b2\ue0b3\ue0b4\ue0b5\ue0b6\ue0b7\ue0b8\ue0b9\ue0ba\ue0bb\ue0bc\ue0bd\ue0be\ue0bf",
                "\ue0c0\ue0c1\ue0c2\ue0c3\ue0c4\ue0c5\ue0c6\ue0c7\ue0c8\ue0c9\ue0ca\ue0cb\ue0cc\ue0cd\ue0ce\ue0cf",
                "\ue0d0\ue0d1\ue0d2\ue0d3\ue0d4\ue0d5\ue0d6\ue0d7\ue0d8\ue0d9\ue0da\ue0db\ue0dc\ue0dd\ue0de\ue0df",
                "\ue0e0\ue0e1\ue0e2\ue0e3\ue0e4\ue0e5\ue0e6\ue0e7\ue0e8\ue0e9\ue0ea\ue0eb\ue0ec\ue0ed\ue0ee\ue0ef",
                "\ue0f0\ue0f1\ue0f2\ue0f3\ue0f4\ue0f5\ue0f6\ue0f7\ue0f8\ue0f9\ue0fa\ue0fb\ue0fc\ue0fd\ue0fe\ue0ff",
                "\ue100\ue101\ue102\ue103\ue104\ue105\ue106\ue107\ue108\ue109\ue10a\ue10b\ue10c\ue10d\ue10e\ue10f",
                "\ue110\ue111\ue112\ue113\ue114\ue115\ue116\ue117\ue118\ue119\ue11a\ue11b\ue11c\ue11d\ue11e\ue11f",
                "\ue120\ue121\ue122\ue123\ue124\ue125\ue126\ue127\ue128\ue129\ue12a\ue12b\ue12c\ue12d\ue12e\ue12f",
                "\ue130\ue131\ue132\ue133\ue134\ue135\ue136\ue137\ue138\ue139\ue13a\ue13b\ue13c\ue13d\ue13e\ue13f",
                "\ue140\ue141\ue142\ue143\ue144\ue145\ue146\ue147\ue148\ue149\ue14a\ue14b\ue14c\ue14d\ue14e\ue14f",
                "\ue150\ue151\ue152\ue153\ue154\ue155\ue156\ue157\ue158\ue159\ue15a\ue15b\ue15c\ue15d\ue15e\ue15f",
                "\ue160\ue161\ue162\ue163\ue164\ue165\ue166\ue167\ue168\ue169\ue16a\ue16b\ue16c\ue16d\ue16e\ue16f",
                "\ue170\ue171\ue172\ue173\ue174\ue175\ue176\ue177\ue178\ue179\ue17a\ue17b\ue17c\ue17d\ue17e\ue17f",
                "\ue180\ue181\ue182\ue183\ue184\ue185\ue186\ue187\ue188\ue189\ue18a\ue18b\ue18c\ue18d\ue18e\ue18f",
                "\ue190\ue191\ue192\ue193\ue194\ue195\ue196\ue197\ue198\ue199\ue19a\ue19b\ue19c\ue19d\ue19e\ue19f",
                "\ue1a0\ue1a1\ue1a2\ue1a3\ue1a4\ue1a5\ue1a6\ue1a7\ue1a8\ue1a9\ue1aa\ue1ab\ue1ac\ue1ad\ue1ae\ue1af",
                "\ue1b0\ue1b1\ue1b2\ue1b3\ue1b4\ue1b5\ue1b6\ue1b7\ue1b8\ue1b9\ue1ba\ue1bb\ue1bc\ue1bd\ue1be\ue1bf",
                "\ue1c0\ue1c1\ue1c2\ue1c3\ue1c4\ue1c5\ue1c6\ue1c7\ue1c8\ue1c9\ue1ca\ue1cb\ue1cc\ue1cd\ue1ce\ue1cf",
                "\ue1d0\ue1d1\ue1d2\ue1d3\ue1d4\ue1d5\ue1d6\ue1d7\ue1d8\ue1d9\ue1da\ue1db\ue1dc\ue1dd\ue1de\ue1df",
                "\ue1e0\ue1e1\ue1e2\ue1e3\ue1e4\ue1e5\ue1e6\ue1e7\ue1e8\ue1e9\ue1ea\ue1eb\ue1ec\ue1ed\ue1ee\ue1ef",
                "\ue1f0\ue1f1\ue1f2\ue1f3\ue1f4\ue1f5\ue1f6\ue1f7\ue1f8\ue1f9\ue1fa\ue1fb\ue1fc\ue1fd\ue1fe\ue1ff",
                "\ue200\ue201\ue202\ue203\ue204\ue205\ue206\ue207\ue208\ue209\ue20a\ue20b\ue20c\ue20d\ue20e\ue20f",
                "\ue210\ue211\ue212\ue213\ue214\ue215\ue216\ue217\ue218\ue219\ue21a\ue21b\ue21c\ue21d\ue21e\ue21f",
                "\ue220\ue221\ue222\ue223\ue224\ue225\ue226\ue227\ue228\ue229\ue22a\ue22b\ue22c\ue22d\ue22e\ue22f",
                "\ue230\ue231\ue232\ue233\ue234\ue235\ue236\ue237\ue238\ue239\ue23a\ue23b\ue23c\ue23d\ue23e\ue23f",
                "\ue240\ue241\ue242\ue243\ue244\ue245\ue246\ue247\ue248\ue249\ue24a\ue24b\ue24c\ue24d\ue24e\ue24f",
                "\ue250\ue251\ue252\ue253\ue254\ue255\ue256\ue257\ue258\ue259\ue25a\ue25b\ue25c\ue25d\ue25e\ue25f",
                "\ue260\ue261\ue262\ue263\ue264\ue265\ue266\ue267\ue268\ue269\ue26a\ue26b\ue26c\ue26d\ue26e\ue26f",
                "\ue270\ue271\ue272\ue273\ue274\ue275\ue276\ue277\ue278\ue279\ue27a\ue27b\ue27c\ue27d\ue27e\ue27f",
                "\ue280\ue281\ue282\ue283\ue284\ue285\ue286\ue287\ue288\ue289\ue28a\ue28b\ue28c\ue28d\ue28e\ue28f",
                "\ue290\ue291\ue292\ue293\ue294\ue295\ue296\ue297\ue298\ue299\ue29a\ue29b\ue29c\ue29d\ue29e\ue29f",
                "\ue2a0\ue2a1\ue2a2\ue2a3\ue2a4\ue2a5\ue2a6\ue2a7\ue2a8\ue2a9\ue2aa\ue2ab\ue2ac\ue2ad\ue2ae\ue2af",
                "\ue2b0\ue2b1\ue2b2\ue2b3\ue2b4\ue2b5\ue2b6\ue2b7\ue2b8\ue2b9\ue2ba\ue2bb\ue2bc\ue2bd\ue2be\ue2bf",
                "\ue2c0\ue2c1\ue2c2\ue2c3\ue2c4\ue2c5\ue2c6\ue2c7\ue2c8\ue2c9\ue2ca\ue2cb\ue2cc\ue2cd\ue2ce\ue2cf",
                "\ue2d0\ue2d1\ue2d2\ue2d3\ue2d4\ue2d5\ue2d6\ue2d7\ue2d8\ue2d9\ue2da\ue2db\ue2dc\ue2dd\ue2de\ue2df",
                "\ue2e0\ue2e1\ue2e2\ue2e3\ue2e4\ue2e5\ue2e6\ue2e7\ue2e8\ue2e9\ue2ea\ue2eb\ue2ec\ue2ed\ue2ee\ue2ef"
            ]
        }
    ]
}